imag,real,log(imag),log(real)
0.61678,0.7906,0.66251,0.0027232
-0.61678,0.7906,-0.66251,0.0027232
0.63419,0.77667,0.68475,0.0026964
-0.63419,0.77667,-0.68475,0.0026964
0.64805,0.76664,0.70176,0.0038397
-0.64805,0.76664,-0.70176,0.0038397
0.6644,0.7454,0.728,-0.0014775
-0.6644,0.7454,-0.728,-0.0014775
0.68449,0.73141,0.75228,0.0017379
-0.68449,0.73141,-0.75228,0.0017379
0.67084,0.73913,0.737,-0.0018337
-0.67084,0.73913,-0.737,-0.0018337
0.69644,0.7183,0.76995,0.00049252
-0.69644,0.7183,-0.76995,0.00049252
0.6899,0.72321,0.76183,-0.00050381
-0.6899,0.72321,-0.76183,-0.00050381
0.65504,0.75293,0.71598,-0.0020089
-0.65504,0.75293,-0.71598,-0.0020089
0.70504,0.70842,0.78301,-0.00053443
-0.70504,0.70842,-0.78301,-0.00053443
0.67501,0.73154,0.74523,-0.0046216
-0.67501,0.73154,-0.74523,-0.0046216
0.70375,0.70346,0.78561,-0.0049667
-0.70375,0.70346,-0.78561,-0.0049667
0.71467,0.6969,0.79799,-0.0017905
-0.71467,0.6969,-0.79799,-0.0017905
0.71918,0.69366,0.80346,-0.00080937
-0.71918,0.69366,-0.80346,-0.00080937
0.64822,0.75585,0.70889,-0.0042746
-0.64822,0.75585,-0.70889,-0.0042746
0.72477,0.68394,0.81437,-0.0034831
-0.72477,0.68394,-0.81437,-0.0034831
0.73588,0.67543,0.8282,-0.0011351
-0.73588,0.67543,-0.8282,-0.0011351
0.78394,0.62281,0.89944,0.0012203
-0.78394,0.62281,-0.89944,0.0012203
0.73958,0.66769,0.83644,-0.0036196
-0.73958,0.66769,-0.83644,-0.0036196
0.7711,0.63653,0.88071,-0.00012069
-0.7711,0.63653,-0.88071,-0.00012069
0.6372,0.76625,0.6937,-0.0034272
-0.6372,0.76625,-0.6937,-0.0034272
0.74775,0.6604,0.84735,-0.0023753
-0.74775,0.6604,-0.84735,-0.0023753
0.75062,0.65596,0.8526,-0.0031511
-0.75062,0.65596,-0.8526,-0.0031511
0.75856,0.6473,0.86437,-0.0028013
-0.75856,0.6473,-0.86437,-0.0028013
0.62959,-0.77679,2.4605,-0.00010724
-0.62959,-0.77679,-2.4605,-0.00010724
0.63712,-0.77089,2.4509,9.67E-05
-0.63712,-0.77089,-2.4509,9.67E-05
0.64535,-0.76658,2.4419,0.0020577
-0.64535,-0.76658,-2.4419,0.0020577
0.68239,-0.73465,2.3931,0.0026741
-0.68239,-0.73465,-2.3931,0.0026741
0.67684,-0.73489,2.3973,-0.00091375
-0.67684,-0.73489,-2.3973,-0.00091375
0.66804,-0.74325,2.4094,-0.00064979
-0.66804,-0.74325,-2.4094,-0.00064979
0.68636,-0.72403,2.3829,-0.0023442
-0.68636,-0.72403,-2.3829,-0.0023442
0.69753,-0.71674,2.3698,0.00012968
-0.69753,-0.71674,-2.3698,0.00012968
0.71438,-0.70229,2.3477,0.0017723
-0.71438,-0.70229,-2.3477,0.0017723
0.70373,-0.70624,2.358,-0.0030028
-0.70373,-0.70624,-2.358,-0.0030028
0.7306,-0.68222,2.322,-0.00039733
-0.7306,-0.68222,-2.322,-0.00039733
0.73835,-0.6749,2.3113,0.00032495
-0.73835,-0.6749,-2.3113,0.00032495
0.72433,-0.68855,2.3309,-0.00062312
-0.72433,-0.68855,-2.3309,-0.00062312
0.74717,-0.66685,2.2995,0.0014724
-0.74717,-0.66685,-2.2995,0.0014724
0.71484,-0.69222,2.3401,-0.0049425
-0.71484,-0.69222,-2.3401,-0.0049425
0.76018,-0.65001,2.2782,0.00019359
-0.76018,-0.65001,-2.2782,0.00019359
0.65969,-0.74941,2.4198,-0.0015987
-0.65969,-0.74941,-2.4198,-0.0015987
0.77067,-0.63827,2.2625,0.00065935
-0.77067,-0.63827,-2.2625,0.00065935
0.75053,-0.65778,2.2904,-0.0020241
-0.75053,-0.65778,-2.2904,-0.0020241
0.69337,-0.71213,2.3695,-0.0060945
-0.69337,-0.71213,-2.3695,-0.0060945
0.64858,-0.75748,2.4335,-0.0027902
-0.64858,-0.75748,-2.4335,-0.0027902
0.77376,-0.63015,2.2543,-0.0021071
-0.77376,-0.63015,-2.2543,-0.0021071
0.76011,-0.64089,2.2713,-0.0057849
-0.76011,-0.64089,-2.2713,-0.0057849
0.62293,0.77772,0.67533,-0.0035662
-0.62293,0.77772,-0.67533,-0.0035662
0.78963,0.61434,0.90961,0.0004623
-0.78963,0.61434,-0.90961,0.0004623
0.62241,-0.78364,2.4704,0.00074535
-0.62241,-0.78364,-2.4704,0.00074535
0.77467,0.62795,0.88962,-0.0027881
-0.77467,0.62795,-0.88962,-0.0027881
0.77977,-0.62267,2.2446,-0.0021245
-0.77977,-0.62267,-2.2446,-0.0021245
0.76398,0.63834,0.87475,-0.0044415
-0.76398,0.63834,-0.87475,-0.0044415
0.65188,-0.74701,2.4241,-0.0085872
-0.65188,-0.74701,-2.4241,-0.0085872
0.6118,0.7882,0.66006,-0.0022295
-0.6118,0.7882,-0.66006,-0.0022295
0.79382,0.60707,0.91792,-0.0006586
-0.79382,0.60707,-0.91792,-0.0006586
0.78477,-0.61584,2.2362,-0.0024438
-0.78477,-0.61584,-2.2362,-0.0024438
0.79126,-0.60921,2.2269,-0.0013834
-0.79126,-0.60921,-2.2269,-0.0013834
0.61493,-0.78616,2.4778,-0.001909
-0.61493,-0.78616,-2.4778,-0.001909
0.60338,-0.79928,2.495,0.0014557
-0.60338,-0.79928,-2.495,0.0014557
0.73678,-0.65662,2.2987,-0.013172
-0.73678,-0.65662,-2.2987,-0.013172
0.59792,-0.80195,2.5009,0.00031161
-0.59792,-0.80195,-2.5009,0.00031161
0.58933,-0.80896,2.512,0.00085803
-0.58933,-0.80896,-2.512,0.00085803
0.79761,-0.60065,2.2163,-0.0015225
-0.79761,-0.60065,-2.2163,-0.0015225
0.80174,-0.59593,2.21,-0.0010375
-0.80174,-0.59593,-2.21,-0.0010375
0.60568,-0.78834,2.4865,-0.0058684
-0.60568,-0.78834,-2.4865,-0.0058684
0.59509,0.80643,0.63573,0.002225
-0.59509,0.80643,-0.63573,0.002225
0.80816,-0.58917,2.2007,0.00011885
-0.80816,-0.58917,-2.2007,0.00011885
0.80077,0.59657,0.9305,-0.0014429
-0.80077,0.59657,-0.9305,-0.0014429
0.60366,0.79177,0.6514,-0.0043608
-0.60366,0.79177,-0.6514,-0.0043608
0.79573,0.59467,0.92901,-0.0066333
-0.79573,0.59467,-0.92901,-0.0066333
0.8081,0.58651,0.94297,-0.0014929
-0.8081,0.58651,-0.94297,-0.0014929
0.57992,-0.81442,2.5228,-0.00020892
-0.57992,-0.81442,-2.5228,-0.00020892
0.58148,0.80906,0.62317,-0.0036622
-0.58148,0.80906,-0.62317,-0.0036622
0.59297,0.79649,0.63996,-0.0070438
-0.59297,0.79649,-0.63996,-0.0070438
0.57654,-0.81447,2.5256,-0.0021184
-0.57654,-0.81447,-2.5256,-0.0021184
0.81446,0.57756,0.95397,-0.0015407
-0.81446,0.57756,-0.95397,-0.0015407
0.81138,-0.5796,2.1911,-0.0028703
-0.81138,-0.5796,-2.1911,-0.0028703
0.56293,-0.82829,2.5447,0.0014758
-0.56293,-0.82829,-2.5447,0.0014758
0.8218,0.57209,0.96266,0.0013215
-0.8218,0.57209,-0.96266,0.0013215
0.5685,0.82356,0.60418,0.00072069
-0.5685,0.82356,-0.60418,0.00072069
0.57611,0.81458,0.61557,-0.0022859
-0.57611,0.81458,-0.61557,-0.0022859
0.81946,-0.56971,2.1783,-0.0019639
-0.81946,-0.56971,-2.1783,-0.0019639
0.82185,-0.56749,2.1751,-0.0012627
-0.82185,-0.56749,-2.1751,-0.0012627
0.82631,-0.56088,2.1671,-0.0013157
-0.82631,-0.56088,-2.1671,-0.0013157
0.56503,-0.82029,2.5384,-0.0039483
-0.56503,-0.82029,-2.5384,-0.0039483
0.56072,0.82987,0.59421,0.0015405
-0.56072,0.82987,-0.59421,0.0015405
0.72034,0.66273,0.82703,-0.021396
-0.72034,0.66273,-0.82703,-0.021396
0.54504,0.8404,0.57535,0.0016695
-0.54504,0.8404,-0.57535,0.0016695
0.55218,-0.8311,2.5552,-0.0021888
-0.55218,-0.8311,-2.5552,-0.0021888
0.54699,-0.83823,2.5634,0.00091426
-0.54699,-0.83823,-2.5634,0.00091426
0.55156,0.83349,0.58459,-0.00054123
-0.55156,0.83349,-0.58459,-0.00054123
0.5281,0.84818,0.55689,-0.00084822
-0.5281,0.84818,-0.55689,-0.00084822
0.537,0.8421,0.56767,-0.0012525
-0.537,0.8421,-0.56767,-0.0012525
0.83713,-0.54614,2.1489,-0.00047001
-0.83713,-0.54614,-2.1489,-0.00047001
0.83082,-0.55105,2.1564,-0.0030507
-0.83082,-0.55105,-2.1564,-0.0030507
0.82418,0.56119,0.973,-0.002907
-0.82418,0.56119,-0.973,-0.002907
0.51855,0.85384,0.54579,-0.0010344
-0.51855,0.85384,-0.54579,-0.0010344
0.53837,-0.84315,2.5733,0.00037184
-0.53837,-0.84315,-2.5733,0.00037184
0.53038,-0.84378,2.5804,-0.0033763
-0.53038,-0.84378,-2.5804,-0.0033763
0.83977,-0.53751,2.1402,-0.0029394
-0.83977,-0.53751,-2.1402,-0.0029394
0.84839,-0.53091,2.13,0.00081461
-0.84839,-0.53091,-2.13,0.00081461
0.83274,0.55326,0.98437,-0.00022591
-0.83274,0.55326,-0.98437,-0.00022591
0.8333,0.54691,0.98999,-0.003264
-0.8333,0.54691,-0.98999,-0.003264
0.51188,0.85748,0.53818,-0.0013501
-0.51188,0.85748,-0.53818,-0.0013501
0.4976,0.8666,0.52123,-0.00070342
-0.4976,0.8666,-0.52123,-0.00070342
0.50452,0.8609,0.53009,-0.0021589
-0.50452,0.8609,-0.53009,-0.0021589
0.84808,0.53169,1.0108,0.00096345
-0.84808,0.53169,-1.0108,0.00096345
0.54739,0.81801,0.58974,-0.01586
-0.54739,0.81801,-0.58974,-0.01586
0.8381,0.53864,0.99958,-0.0037397
-0.8381,0.53864,-0.99958,-0.0037397
0.48783,0.8714,0.51035,-0.0013422
-0.48783,0.8714,-0.51035,-0.0013422
0.47857,0.87577,0.50012,-0.0020005
-0.47857,0.87577,-0.50012,-0.0020005
0.51693,-0.85387,2.5972,-0.0018455
-0.51693,-0.85387,-2.5972,-0.0018455
0.52246,-0.85036,2.5907,-0.0019713
-0.52246,-0.85036,-2.5907,-0.0019713
0.85175,-0.52179,2.1204,-0.0011333
-0.85175,-0.52179,-2.1204,-0.0011333
0.84768,0.52445,1.0167,-0.0032045
-0.84768,0.52445,-1.0167,-0.0032045
0.46987,0.88251,0.48925,-0.00019616
-0.46987,0.88251,-0.48925,-0.00019616
0.85416,-0.51274,2.1114,-0.0037711
-0.85416,-0.51274,-2.1114,-0.0037711
0.49998,-0.86376,2.6169,-0.0019734
-0.49998,-0.86376,-2.6169,-0.0019734
0.50614,-0.85985,2.6096,-0.0022451
-0.50614,-0.85985,-2.6096,-0.0022451
0.85683,0.5131,1.0312,-0.0012905
-0.85683,0.5131,-1.0312,-0.0012905
0.46048,0.88861,0.4781,0.00083605
-0.46048,0.88861,-0.4781,0.00083605
0.47032,0.86805,0.49653,-0.012803
-0.47032,0.86805,-0.49653,-0.012803
0.8626,0.50649,1.0399,0.00030534
-0.8626,0.50649,-1.0399,0.00030534
0.45333,0.88965,0.47127,-0.0015074
-0.45333,0.88965,-0.47127,-0.0015074
0.44262,0.89474,0.4594,-0.0017692
-0.44262,0.89474,-0.4594,-0.0017692
0.43629,0.89914,0.45177,-0.00060059
-0.43629,0.89914,-0.45177,-0.00060059
0.85947,-0.50631,2.1032,-0.0024847
-0.85947,-0.50631,-2.1032,-0.0024847
0.48686,-0.87033,2.6316,-0.0027563
-0.48686,-0.87033,-2.6316,-0.0027563
0.86789,0.49647,1.0512,-0.00014012
-0.86789,0.49647,-1.0512,-0.00014012
0.49142,-0.8681,2.6265,-0.0024632
-0.49142,-0.8681,-2.6265,-0.0024632
0.42602,0.90335,0.44067,-0.0012363
-0.42602,0.90335,-0.44067,-0.0012363
0.47785,-0.8786,2.6435,0.00013532
-0.47785,-0.8786,-2.6435,0.00013532
0.861,-0.49786,2.0951,-0.0054429
-0.861,-0.49786,-2.0951,-0.0054429
0.87118,-0.48641,2.08,-0.0022319
-0.87118,-0.48641,-2.08,-0.0022319
0.86305,-0.49442,2.091,-0.005375
-0.86305,-0.49442,-2.091,-0.005375
0.8766,-0.47834,2.0703,-0.0013806
-0.8766,-0.47834,-2.0703,-0.0013806
0.87174,0.48831,1.0602,-0.00080831
-0.87174,0.48831,-1.0602,-0.00080831
0.47043,-0.87931,2.6503,-0.0027649
-0.47043,-0.87931,-2.6503,-0.0027649
0.86168,0.48993,1.0538,-0.0088214
-0.86168,0.48993,-1.0538,-0.0088214
0.41757,0.90273,0.43325,-0.0053848
-0.41757,0.90273,-0.43325,-0.0053848
0.40474,0.91512,0.41641,0.00062569
-0.40474,0.91512,-0.41641,0.00062569
0.40953,0.90568,0.42466,-0.0060529
-0.40953,0.90568,-0.42466,-0.0060529
0.81752,0.51889,1.0052,-0.032222
-0.81752,0.51889,-1.0052,-0.032222
0.39453,0.91883,0.40557,-4.84E-05
-0.39453,0.91883,-0.40557,-4.84E-05
0.37298,0.93058,0.3812,0.0025444
-0.37298,0.93058,-0.3812,0.0025444
0.38727,0.91921,0.39874,-0.0025449
-0.38727,0.91921,-0.39874,-0.0025449
0.46256,-0.8849,2.6599,-0.0014974
-0.46256,-0.8849,-2.6599,-0.0014974
0.45537,-0.88912,2.6683,-0.0010543
-0.45537,-0.88912,-2.6683,-0.0010543
0.88634,-0.46337,2.0525,0.00015784
-0.88634,-0.46337,-2.0525,0.00015784
0.87988,-0.46873,2.0603,-0.0030598
-0.87988,-0.46873,-2.0603,-0.0030598
0.88742,0.45962,1.0929,-0.00061954
-0.88742,0.45962,-1.0929,-0.00061954
0.34385,0.94188,0.35003,0.0026821
-0.34385,0.94188,-0.35003,0.0026821
0.87973,0.47142,1.0789,-0.001921
-0.87973,0.47142,-1.0789,-0.001921
0.87371,0.47303,1.0746,-0.006482
-0.87371,0.47303,-1.0746,-0.006482
0.36673,0.92091,0.37898,-0.008794
-0.36673,0.92091,-0.37898,-0.008794
0.44617,-0.89647,2.6798,0.0013618
-0.44617,-0.89647,-2.6798,0.0013618
0.88951,-0.45224,2.0412,-0.0021295
-0.88951,-0.45224,-2.0412,-0.0021295
0.3725,0.91252,0.38756,-0.01448
-0.3725,0.91252,-0.38756,-0.01448
0.4382,-0.89577,2.6866,-0.0027999
-0.4382,-0.89577,-2.6866,-0.0027999
0.35823,0.92753,0.36857,-0.0057115
-0.35823,0.92753,-0.36857,-0.0057115
0.35002,0.93501,0.3582,-0.0016213
-0.35002,0.93501,-0.3582,-0.0016213
0.33455,0.94152,0.34141,-0.00081018
-0.33455,0.94152,-0.34141,-0.00081018
0.32637,0.94628,0.33213,0.00098091
-0.32637,0.94628,-0.33213,0.00098091
0.31621,0.95132,0.3209,0.002493
-0.31621,0.95132,-0.3209,0.002493
0.29658,0.95483,0.30116,-0.00016748
-0.29658,0.95483,-0.30116,-0.00016748
0.3074,0.94735,0.31377,-0.0040306
-0.3074,0.94735,-0.31377,-0.0040306
0.43283,-0.90031,2.6935,-0.0010536
-0.43283,-0.90031,-2.6935,-0.0010536
0.89477,-0.44203,2.0296,-0.0020014
-0.89477,-0.44203,-2.0296,-0.0020014
0.88967,0.45085,1.1018,-0.0026215
-0.88967,0.45085,-1.1018,-0.0026215
0.90324,-0.43383,2.0186,0.0020246
-0.90324,-0.43383,-2.0186,0.0020246
0.90059,0.43472,1.1211,1.82E-05
-0.90059,0.43472,-1.1211,1.82E-05
0.28595,0.95398,0.29123,-0.004095
-0.28595,0.95398,-0.29123,-0.004095
0.2773,0.9624,0.28053,0.0015505
-0.2773,0.9624,-0.28053,0.0015505
0.0085411,1,0.0085408,4.98E-05
-0.0085411,1,-0.0085408,4.98E-05
0.017224,0.99999,0.017223,0.00013515
-0.017224,0.99999,-0.017223,0.00013515
0.29637,0.94105,0.3051,-0.013472
-0.29637,0.94105,-0.3051,-0.013472
0.025276,0.9993,0.025288,-0.00038491
-0.025276,0.9993,-0.025288,-0.00038491
0.035242,0.9998,0.035235,0.00041995
-0.035242,0.9998,-0.035235,0.00041995
0.040191,1.0019,0.040093,0.0027173
-0.040191,1.0019,-0.040093,0.0027173
0.42163,-0.90498,2.7056,-0.0016212
-0.42163,-0.90498,-2.7056,-0.0016212
0.89427,0.43737,1.1159,-0.0045182
-0.89427,0.43737,-1.1159,-0.0045182
0.88207,0.44054,1.1076,-0.014136
-0.88207,0.44054,-1.1076,-0.014136
0.90612,0.42525,1.132,0.00094848
-0.90612,0.42525,-1.132,0.00094848
0.9092,0.4166,1.1411,9.71E-05
-0.9092,0.4166,-1.1411,9.71E-05
0.26561,0.9618,0.26944,-0.0021965
-0.26561,0.9618,-0.26944,-0.0021965
0.25928,0.96291,0.26303,-0.0027997
-0.25928,0.96291,-0.26303,-0.0027997
0.050937,0.99907,0.05094,0.0003711
-0.050937,0.99907,-0.05094,0.0003711
0.055386,0.99855,0.055409,8.71E-05
-0.055386,0.99855,-0.055409,8.71E-05
0.066812,0.99707,0.066908,-0.00069376
-0.066812,0.99707,-0.066908,-0.00069376
0.084445,0.99924,0.084309,0.0027932
-0.084445,0.99924,-0.084309,0.0027932
0.25362,0.95948,0.25842,-0.0075987
-0.25362,0.95948,-0.25842,-0.0075987
0.074931,0.99788,0.07495,0.00068744
-0.074931,0.99788,-0.07495,0.00068744
0.24502,0.96815,0.24787,-0.0013235
-0.24502,0.96815,-0.24787,-0.0013235
0.08787,0.9941,0.088163,-0.0020286
-0.08787,0.9941,-0.088163,-0.0020286
0.099617,0.99423,0.099862,-0.00079561
-0.099617,0.99423,-0.099862,-0.00079561
0.90258,-0.42178,2.0079,-0.0037378
-0.90258,-0.42178,-2.0079,-0.0037378
0.41485,-0.90656,2.7124,-0.0030329
-0.41485,-0.90656,-2.7124,-0.0030329
0.40012,-0.91833,2.7307,0.001713
-0.40012,-0.91833,-2.7307,0.001713
0.40514,-0.91091,2.7231,-0.0030619
-0.40514,-0.91091,-2.7231,-0.0030619
0.90687,-0.41724,2.002,-0.0017502
-0.90687,-0.41724,-2.002,-0.0017502
0.9136,-0.40388,1.987,-0.0011136
-0.9136,-0.40388,-1.987,-0.0011136
0.38959,-0.9197,2.7409,-0.0011896
-0.38959,-0.9197,-2.7409,-0.0011896
0.8762,-0.43069,2.0277,-0.023953
-0.8762,-0.43069,-2.0277,-0.023953
0.9148,0.40386,1.1551,-1.99E-05
-0.9148,0.40386,-1.1551,-1.99E-05
0.92066,0.39233,1.168,0.00076901
-0.92066,0.39233,-1.168,0.00076901
0.90871,0.40229,1.154,-0.0062462
-0.90871,0.40229,-1.154,-0.0062462
0.23386,0.96861,0.2369,-0.0035657
-0.23386,0.96861,-0.2369,-0.0035657
0.1089,0.99142,0.10941,-0.0026228
-0.1089,0.99142,-0.10941,-0.0026228
0.22707,0.97481,0.22885,0.00090753
-0.22707,0.97481,-0.22885,0.00090753
0.11886,0.99183,0.11927,-0.0010756
-0.11886,0.99183,-0.11927,-0.0010756
0.13551,0.99131,0.13586,0.00053354
-0.13551,0.99131,-0.13586,0.00053354
0.12424,0.99023,0.12481,-0.0020127
-0.12424,0.99023,-0.12481,-0.0020127
0.95925,0.33502,1.2348,0.015944
-0.95925,0.33502,-1.2348,0.015944
0.9219,0.38247,1.1775,-0.0019113
-0.9219,0.38247,-1.1775,-0.0019113
0.91513,-0.39684,1.98,-0.0025395
-0.91513,-0.39684,-1.98,-0.0025395
0.38271,-0.92119,2.7478,-0.0024723
-0.38271,-0.92119,-2.7478,-0.0024723
0.37589,-0.92604,2.756,-0.00057608
-0.37589,-0.92604,-2.756,-0.00057608
0.93687,0.3602,1.2038,0.0037216
-0.93687,0.3602,-1.2038,0.0037216
0.92226,-0.38729,1.9684,0.00027625
-0.92226,-0.38729,-1.9684,0.00027625
0.14328,0.98771,0.14406,-0.0019516
-0.14328,0.98771,-0.14406,-0.0019516
0.3548,-0.9361,2.7793,0.0010809
-0.3548,-0.9361,-2.7793,0.0010809
0.36587,-0.92788,2.766,-0.0025995
-0.36587,-0.92788,-2.766,-0.0025995
0.92792,0.37141,1.1901,-0.00051187
-0.92792,0.37141,-1.1901,-0.00051187
0.88903,-0.39706,1.9908,-0.026689
-0.88903,-0.39706,-1.9908,-0.026689
0.92711,-0.37234,1.9527,-0.00091806
-0.92711,-0.37234,-1.9527,-0.00091806
0.92991,-0.36288,1.9429,-0.0017954
-0.92991,-0.36288,-1.9429,-0.0017954
0.92892,0.36246,1.1988,-0.0028733
-0.92892,0.36246,-1.1988,-0.0028733
0.9196,-0.37259,1.9557,-0.0078157
-0.9196,-0.37259,-1.9557,-0.0078157
0.93529,0.34831,1.2143,-0.0019596
-0.93529,0.34831,-1.2143,-0.0019596
0.2017,0.97659,0.20367,-0.0027994
-0.2017,0.97659,-0.20367,-0.0027994
0.16843,0.9862,0.16915,0.00047809
-0.16843,0.9862,-0.16915,0.00047809
0.1915,0.97788,0.19338,-0.0035516
-0.1915,0.97788,-0.19338,-0.0035516
0.1782,0.98227,0.17946,-0.0017001
-0.1782,0.98227,-0.17946,-0.0017001
0.1504,0.98252,0.1519,-0.0060509
-0.1504,0.98252,-0.1519,-0.0060509
0.21226,0.97508,0.21434,-0.0020892
-0.21226,0.97508,-0.21434,-0.0020892
0.21751,0.97368,0.21978,-0.0023232
-0.21751,0.97368,-0.21978,-0.0023232
0.159,0.98436,0.16014,-0.0028881
-0.159,0.98436,-0.16014,-0.0028881
0.18298,0.97948,0.18469,-0.0035777
-0.18298,0.97948,-0.18469,-0.0035777
0.94139,0.33716,1.2269,-5.31E-05
-0.94139,0.33716,-1.2269,-5.31E-05
0.34835,-0.93622,2.7854,-0.0010768
-0.34835,-0.93622,-2.7854,-0.0010768
0.34079,-0.94168,2.7944,0.0014492
-0.34079,-0.94168,-2.7944,0.0014492
0.94178,0.32891,1.2348,-0.0024351
-0.94178,0.32891,-1.2348,-0.0024351
0.32982,-0.94456,2.8057,0.00049137
-0.32982,-0.94456,-2.8057,0.00049137
0.9291,-0.35193,1.9329,-0.0064963
-0.9291,-0.35193,-1.9329,-0.0064963
0.93878,-0.34578,1.9237,0.00043862
-0.93878,-0.34578,-1.9237,0.00043862
0.95004,0.31995,1.2459,0.0024717
-0.95004,0.31995,-1.2459,0.0024717
0.94551,-0.33028,1.9069,0.0015398
-0.94551,-0.33028,-1.9069,0.0015398
0.93512,-0.3391,1.9187,-0.0053134
-0.93512,-0.3391,-1.9187,-0.0053134
0.32222,-0.94281,2.8123,-0.0036579
-0.32222,-0.94281,-2.8123,-0.0036579
0.9497,-0.31507,1.8911,0.00059536
-0.9497,-0.31507,-1.8911,0.00059536
0.93769,-0.31897,1.8987,-0.0095846
-0.93769,-0.31897,-1.8987,-0.0095846
0.9569,0.30001,1.267,0.0028228
-0.9569,0.30001,-1.267,0.0028228
0.95278,0.30357,1.2624,-3.07E-05
-0.95278,0.30357,-1.2624,-3.07E-05
0.9478,-0.30448,1.8816,-0.0045062
-0.9478,-0.30448,-1.8816,-0.0045062
0.30678,-0.95018,2.8293,-0.0015246
-0.30678,-0.95018,-2.8293,-0.0015246
0.30975,-0.94739,2.8256,-0.003263
-0.30975,-0.94739,-2.8256,-0.003263
0.95337,-0.29348,1.8694,-0.0024818
-0.95337,-0.29348,-1.8694,-0.0024818
0.92439,0.3021,1.2549,-0.027877
-0.92439,0.3021,-1.2549,-0.027877
0.95961,0.28349,1.2835,0.00060941
-0.95961,0.28349,-1.2835,0.00060941
0.9523,0.27989,1.2849,-0.0074497
-0.9523,0.27989,-1.2849,-0.0074497
0.96209,0.2661,1.301,-0.0017851
-0.96209,0.2661,-1.301,-0.0017851
0.96296,-0.28115,1.8549,0.0031588
-0.96296,-0.28115,-1.8549,0.0031588
0.95433,0.27053,1.2946,-0.0081023
-0.95433,0.27053,-1.2946,-0.0081023
0.94844,-0.2886,1.8662,-0.0086605
-0.94844,-0.2886,-1.8662,-0.0086605
0.96455,-0.26662,1.8405,0.00072229
-0.96455,-0.26662,-1.8405,0.00072229
0.32807,-0.90722,2.7946,-0.035917
-0.32807,-0.90722,-2.7946,-0.035917
0.95322,-0.27002,1.8468,-0.0093147
-0.95322,-0.27002,-1.8468,-0.0093147
0.29619,-0.95194,2.8399,-0.00305
-0.29619,-0.95194,-2.8399,-0.00305
0.28884,-0.95484,2.8478,-0.0024343
-0.28884,-0.95484,-2.8478,-0.0024343
0.27936,-0.96059,2.8586,0.00039027
-0.27936,-0.96059,-2.8586,0.00039027
0.2499,-0.96954,2.8893,0.0012254
-0.2499,-0.96954,-2.8893,0.0012254
0.26885,-0.96088,2.8688,-0.0022198
-0.26885,-0.96088,-2.8688,-0.0022198
0.26121,-0.96124,2.8763,-0.0039066
-0.26121,-0.96124,-2.8763,-0.0039066
0.96533,0.25555,1.312,-0.00142
-0.96533,0.25555,-1.312,-0.00142
0.97611,0.23553,1.334,0.0041116
-0.97611,0.23553,-1.334,0.0041116
0.97031,0.24476,1.3237,0.00070625
-0.97031,0.24476,-1.3237,0.00070625
0.96204,-0.2564,1.8313,-0.0043848
-0.96204,-0.2564,-1.8313,-0.0043848
0.96854,-0.24728,1.8208,-0.00039238
-0.96854,-0.24728,-1.8208,-0.00039238
0.23406,-0.97408,2.9058,0.0018012
-0.23406,-0.97408,-2.9058,0.0018012
0.25034,-0.95987,2.8865,-0.0080575
-0.25034,-0.95987,-2.8865,-0.0080575
0.23502,-0.97053,2.904,-0.0014188
-0.23502,-0.97053,-2.904,-0.0014188
0.97307,0.22742,1.3412,-0.00070214
-0.97307,0.22742,-1.3412,-0.00070214
0.97514,0.21834,1.3505,-0.0007154
-0.97514,0.21834,-1.3505,-0.0007154
0.96992,-0.23526,1.8088,-0.0019615
-0.96992,-0.23526,-1.8088,-0.0019615
0.97358,0.2094,1.3589,-0.0041681
-0.97358,0.2094,-1.3589,-0.0041681
0.97265,-0.22726,1.8003,-0.00115
-0.97265,-0.22726,-1.8003,-0.00115
0.97483,-0.21772,1.7905,-0.0011574
-0.97483,-0.21772,-1.7905,-0.0011574
0.9799,-0.20208,1.7742,0.00051959
-0.9799,-0.20208,-1.7742,0.00051959
0.2164,-0.97093,2.9223,-0.0052585
-0.2164,-0.97093,-2.9223,-0.0052585
0.214,-0.97343,2.9252,-0.0033302
-0.214,-0.97343,-2.9252,-0.0033302
0.19583,-0.98088,2.9445,0.00023942
-0.19583,-0.98088,-2.9445,0.00023942
0.18341,-0.98168,2.9569,-0.0013317
-0.18341,-0.98168,-2.9569,-0.0013317
0.20434,-0.97721,2.9355,-0.001653
-0.20434,-0.97721,-2.9355,-0.001653
0.17638,-0.98321,2.9641,-0.0010969
-0.17638,-0.98321,-2.9641,-0.0010969
0.15519,-0.99115,2.9863,0.0032176
-0.15519,-0.99115,-2.9863,0.0032176
0,-0.99816,3.1416,-0.0018387
0.023633,-1.0003,3.118,0.00062331
-0.023633,-1.0003,-3.118,0.00062331
0.012515,-0.99799,3.1291,-0.0019335
-0.012515,-0.99799,-3.1291,-0.0019335
0.12478,-0.9918,3.0164,-0.00038382
-0.12478,-0.9918,-3.0164,-0.00038382
0,-0.98476,3.1416,-0.01536
0.03084,-0.99533,3.1106,-0.0042041
-0.03084,-0.99533,-3.1106,-0.0042041
0.11728,-0.9929,3.024,-0.00019716
-0.11728,-0.9929,-3.024,-0.00019716
0.1368,-0.98935,3.0042,-0.0012371
-0.1368,-0.98935,-3.0042,-0.0012371
0.040004,-0.9959,3.1014,-0.0033045
-0.040004,-0.9959,-3.1014,-0.0033045
0.048176,-0.9962,3.0933,-0.0026378
-0.048176,-0.9962,-3.0933,-0.0026378
0.10537,-0.99524,3.0361,0.00080428
-0.10537,-0.99524,-3.0361,0.00080428
0.14772,-0.98603,2.9929,-0.0029659
-0.14772,-0.98603,-2.9929,-0.0029659
0.05927,-0.99717,3.0822,-0.0010686
-0.05927,-0.99717,-3.0822,-0.0010686
0.98051,0.19195,1.3775,-0.00087888
-0.98051,0.19195,-1.3775,-0.00087888
0.97744,0.19782,1.3711,-0.0027468
-0.97744,0.19782,-1.3711,-0.0027468
0.98642,-0.17479,1.7462,0.0017825
-0.98642,-0.17479,-1.7462,0.0017825
0.98303,-0.18419,1.756,0.00013427
-0.98303,-0.18419,-1.756,0.00013427
0.97582,-0.19587,1.7689,-0.004728
-0.97582,-0.19587,-1.7689,-0.004728
0.16487,-0.97718,2.9744,-0.0090551
-0.16487,-0.97718,-2.9744,-0.0090551
0.16099,-0.98331,2.9793,-0.003605
-0.16099,-0.98331,-2.9793,-0.003605
0.066738,-0.99596,3.0747,-0.0018118
-0.066738,-0.99596,-3.0747,-0.0018118
0.9829,0.18085,1.3888,-0.00060059
-0.9829,0.18085,-1.3888,-0.00060059
0.96844,-0.20466,1.7791,-0.010227
-0.96844,-0.20466,-1.7791,-0.010227
0.98501,-0.16676,1.7385,-0.00097239
-0.98501,-0.16676,-1.7385,-0.00097239
0.98687,0.1577,1.4123,-0.00060767
-0.98687,0.1577,-1.4123,-0.00060767
0.98382,0.17161,1.3981,-0.0013231
-0.98382,0.17161,-1.3981,-0.0013231
0.98989,0.1453,1.4251,0.00049439
-0.98989,0.1453,-1.4251,0.00049439
0.98718,-0.15538,1.7269,-0.00066179
-0.98718,-0.15538,-1.7269,-0.00066179
0.98161,0.1635,1.4057,-0.0048765
-0.98161,0.1635,-1.4057,-0.0048765
0.98938,-0.14802,1.7193,0.00038609
-0.98938,-0.14802,-1.7193,0.00038609
0,-0.93751,3.1416,-0.064527
0.079213,-0.99569,3.0622,-0.0011694
-0.079213,-0.99569,-3.0622,-0.0011694
0.095049,-0.99364,3.0462,-0.0018217
-0.095049,-0.99364,-3.0462,-0.0018217
0.99003,0.13855,1.4318,-0.00032175
-0.99003,0.13855,-1.4318,-0.00032175
0.99197,0.12831,1.4422,0.00023801
-0.99197,0.12831,-1.4422,0.00023801
0.98909,-0.13771,1.7091,-0.0013739
-0.98909,-0.13771,-1.7091,-0.0013739
0.08421,-0.99295,3.057,-0.0034871
-0.08421,-0.99295,-3.057,-0.0034871
0,0.15634,0,-1.8557
0.10526,-0.96529,3.033,-0.029415
-0.10526,-0.96529,-3.033,-0.029415
0.89332,0.21162,1.3382,-0.085513
-0.89332,0.21162,-1.3382,-0.085513
0.99131,-0.12735,1.6986,-0.00054213
-0.99131,-0.12735,-1.6986,-0.00054213
0.99142,0.12139,1.449,-0.0011774
-0.99142,0.12139,-1.449,-0.0011774
0.98969,0.11143,1.4587,-0.0040644
-0.98969,0.11143,-1.4587,-0.0040644
0.99204,-0.11248,1.6837,-0.0016047
-0.99204,-0.11248,-1.6837,-0.0016047
0.99988,-0.079695,1.6503,0.0030448
-0.99988,-0.079695,-1.6503,0.0030448
1.0005,-0.028731,1.5995,0.00092728
-1.0005,-0.028731,-1.5995,0.00092728
1.0007,-0.0086797,1.5795,0.00070388
-1.0007,-0.0086797,-1.5795,0.00070388
1.0008,0.000932,1.5699,0.00081377
-1.0008,0.000932,-1.5699,0.00081377
0.99806,-0.019522,1.5904,-0.0017544
-0.99806,-0.019522,-1.5904,-0.0017544
0.99354,0.10459,1.4659,-0.00096851
-0.99354,0.10459,-1.4659,-0.00096851
0.99417,0.092228,1.4783,-0.0015584
-0.99417,0.092228,-1.4783,-0.0015584
0.99927,-0.046542,1.6173,0.00035267
-0.99927,-0.046542,-1.6173,0.00035267
0.99705,-0.037547,1.6084,-0.0022446
-0.99705,-0.037547,-1.6084,-0.0022446
0.9981,0.069454,1.5013,0.00050945
-0.9981,0.069454,-1.5013,0.00050945
0.99266,0.083334,1.487,-0.0038595
-0.99266,0.083334,-1.487,-0.0038595
0.99683,0.0080296,1.5627,-0.003139
-0.99683,0.0080296,-1.5627,-0.003139
0.99835,0.053338,1.5174,-0.00022802
-0.99835,0.053338,-1.5174,-0.00022802
0.99842,0.020963,1.5498,-0.0013572
-0.99842,0.020963,-1.5498,-0.0013572
0.98896,0.072785,1.4973,-0.0084052
-0.98896,0.072785,-1.4973,-0.0084052
0.99805,0.042107,1.5286,-0.0010669
-0.99805,0.042107,-1.5286,-0.0010669
0.99474,-0.10142,1.6724,-0.00010063
-0.99474,-0.10142,-1.6724,-0.00010063
0.49615,0.023161,1.5241,-0.69978
-0.49615,0.023161,-1.5241,-0.69978
0.98697,0.054728,1.5154,-0.011582
-0.98697,0.054728,-1.5154,-0.011582
0.99598,-0.059319,1.6303,-0.0022602
-0.99598,-0.059319,-1.6303,-0.0022602
0.99171,-0.08492,1.6562,-0.004675
-0.99171,-0.08492,-1.6562,-0.004675
0.99276,-0.069653,1.6408,-0.0048083
-0.99276,-0.069653,-1.6408,-0.0048083
0.99513,0.030754,1.5399,-0.0044078
-0.99513,0.030754,-1.5399,-0.0044078
0.98385,-0.10426,1.6764,-0.0107
-0.98385,-0.10426,-1.6764,-0.0107
0.99074,0.027979,1.5426,-0.0089081
-0.99074,0.027979,-1.5426,-0.0089081
0.98308,-0.11281,1.685,-0.010519
-0.98308,-0.11281,-1.685,-0.010519
0.98224,-0.066007,1.6379,-0.015671
-0.98224,-0.066007,-1.6379,-0.015671
0.92186,-0.21051,1.7953,-0.055945
-0.92186,-0.21051,-1.7953,-0.055945
